S.No.,PDB_ID,PLANE,CONFORMATION,MODIFIED,POSITION,C8,H8,C1p,H1p,C2p,H2p,H2pp,N1,H1
10025,TTGGG_K+,4,A,A,X1,136.9,7.51,84.0,5.93,40.7,2.38,2.65,143.9,10.72
10026,TTGGG_K+,4,A,A,X2,137.6,7.74,84.6,6.21,42.4,2.54,2.77,143.8,10.89
10027,TTGGG_K+,4,A,A,X3,137.9,7.87,84.6,6.22,42.4,2.51,2.75,144.1,11.12
10028,TTGGG_K+,4,A,A,X4,137.9,7.89,84.6,6.21,42.4,2.51,2.76,144.1,11.21
10029,TTGGG_K+,4,A,A,X5,137.3,7.68,84.1,5.98,42.1,2.65,2.75,143.3,11.30
10030,TTGGG_K+,4,A,A,X6,138.0,8.01,85.4,6.05,42.6,2.46,2.81,143.8,11.32
10031,TTGGG_K+,4,A,A,X7,137.5,7.73,84.1,6.19,42.3,2.70,2.85,143.3,11.43
10032,TTGGG_K+,4,A,A,X8,137.3,7.69,84.2,6.14,42.4,2.61,2.79,143.2,11.46
10033,TTGGG_K+,4,A,A,X9,137.6,7.70,84.1,6.18,42.4,2.66,2.81,144.3,11.55
10034,TTGGG_K+,4,A,A,X10,137.7,8.03,85.4,6.14,42.4,2.50,2.93,143.9,11.58
10035,TTGGG_K+,4,A,A,X11,137.9,8.05,84.4,6.09,40.2,2.77,3.02,144.0,11.74
10036,TTGGG_K+,4,A,A,X12,138.2,8.10,85.2,6.22,42.3,2.59,2.98,144.4,11.88